[{"id":"bdd68fa2.eb35a","type":"tab","label":"Flow 1","disabled":false,"info":""},{"id":"313b94a9.fea6ac","type":"ui_text","z":"bdd68fa2.eb35a","group":"2316609b.1b099","order":2,"width":0,"height":0,"name":"","label":"Predicition","format":"chances of rainfall","layout":"row-spread","x":923,"y":352,"wires":[]},{"id":"e4dbad26.cf8f7","type":"ui_form","z":"bdd68fa2.eb35a","name":"","label":"","group":"2316609b.1b099","order":1,"width":0,"height":0,"options":[{"label":"SUBDIVISION","value":"SUBDIVISION","type":"text","required":true},{"label":"YEAR","value":"YEAR","type":"number","required":true},{"label":"JAN","value":"JAN","type":"number","required":true},{"label":"FEB","value":"FEB","type":"number","required":true},{"label":"MAR","value":"MAR","type":"number","required":true},{"label":"APR","value":"APR","type":"number","required":true},{"label":"MAY","value":"MAY","type":"number","required":true},{"label":"JUN","value":"JUN","type":"number","required":true},{"label":"JUL","value":"JUL","type":"number","required":true},{"label":"AUG","value":"AUG","type":"number","required":true},{"label":"SEP","value":"SEP","type":"number","required":true},{"label":"OCT","value":"OCT","type":"number","required":true},{"label":"NOV","value":"NOV","type":"number","required":true},{"label":"DEC","value":"DEC","type":"number","required":true}],"formValue":{"SUBDIVISION":"","YEAR":"","JAN":"","FEB":"","MAR":"","APR":"","MAY":"","JUN":"","JUL":"","AUG":"","SEP":"","OCT":"","NOV":"","DEC":""},"payload":"","submit":"","cancel":"","topic":"","x":143,"y":272,"wires":[["2f9b33f5.c7262c"]]},{"id":"2f9b33f5.c7262c","type":"function","z":"bdd68fa2.eb35a","name":"parameters","func":"global.set(\"SUBDIVISION\",msg.payload.SUBDIVISION)\nglobal.set(\"YEAR\",msg.payload.YEAR)\nglobal.set(\"JAN\",msg.payload.JAN)\nglobal.set(\"FEB\",msg.payload.FEB)\nglobal.set(\"MAR\",msg.payload.MAR)\nglobal.set(\"APR\",msg.payload.APR)\nglobal.set(\"MAY\",msg.payload.MAY)\nglobal.set(\"JUN\",msg.payload.JUN)\nglobal.set(\"JUL\",msg.payload.JUL)\nglobal.set(\"AUG\",msg.payload.AUG)\nglobal.set(\"SEP\",msg.payload.SEP)\nglobal.set(\"OCT\",msg.payload.OCT)\nglobal.set(\"NOV\",msg.payload.NOV)\nglobal.set(\"DEC\",msg.payload.DEC)\nreturn msg;","outputs":1,"noerr":0,"x":243,"y":172,"wires":[["e3285650.ee31f8","ae5e573b.38e928"]]},{"id":"e3285650.ee31f8","type":"http request","z":"bdd68fa2.eb35a","name":"","method":"GET","ret":"obj","paytoqs":false,"url":"https://eu-gb.ml.cloud.ibm.com/v3/identity/token","tls":"","proxy":"","authType":"basic","x":323,"y":352,"wires":[["2b38f5cf.ecb31a","ad2272d5.5617d"]]},{"id":"2b38f5cf.ecb31a","type":"debug","z":"bdd68fa2.eb35a","name":"","active":true,"tosidebar":true,"console":false,"tostatus":false,"complete":"false","x":543,"y":412,"wires":[]},{"id":"6685255d.c5405c","type":"http request","z":"bdd68fa2.eb35a","name":"","method":"POST","ret":"obj","paytoqs":false,"url":"https://eu-gb.ml.cloud.ibm.com/v3/wml_instances/723d20cb-52ff-47f8-ab80-8c67e65e9f38/deployments/1e33ea98-3cc0-4da4-abb4-2a75cf72d530/online","tls":"","proxy":"","authType":"","x":483,"y":112,"wires":[["fb08936d.6fc1e","3cab1f43.1123f"]]},{"id":"fb08936d.6fc1e","type":"debug","z":"bdd68fa2.eb35a","name":"","active":true,"tosidebar":true,"console":false,"tostatus":false,"complete":"false","x":683,"y":92,"wires":[]},{"id":"3cab1f43.1123f","type":"function","z":"bdd68fa2.eb35a","name":"","func":"msg.payload=msg.payload.values[0][0]\n\nreturn msg;","outputs":1,"noerr":0,"x":723,"y":292,"wires":[["313b94a9.fea6ac"]]},{"id":"ad2272d5.5617d","type":"function","z":"bdd68fa2.eb35a","name":"prediction","func":"var token = msg.payload.token\nvar SUBDIVISION=global.get('SUBDIVISION')\nvar YEAR=global.get('YEAR')\nvar JAN=global.get('JAN')\nvar FEB=global.get('FEB')\nvar MAR=global.get('MAR')\nvar APR=global.get('APR')\nvar MAY=global.get('MAY')\nvar JUN=global.get('JUN')\nvar JUL=global.get('JUL')\nvar AUG=global.get('AUG')\nvar SEP=global.get('SEP')\nvar OCT=global.get('OCT')\nvar NOV=global.get('NOV')\nvar DEC=global.get('DEC')\nmsg.payload ={\"fields\":[\"SUBDIVISION\",\"YEAR\",\"JAN\",\"FEB\",\"MAR\",\"APR\",\"MAY\",\"JUN\",\"JUL\",\"AUG\",\"SEP\",\"OCT\",\"NOV\",\"DEC\"],values:[[SUBDIVISION,YEAR,JAN,FEB,MAR,APR,MAY,JUN,JUL,AUG,SEP,OCT,NOV,DEC]]}\nmsg.headers={\"Authorization\":\"Bearer \"+token}\nreturn msg;","outputs":1,"noerr":0,"x":413,"y":212,"wires":[["6685255d.c5405c","58bbd05f.092fc"]]},{"id":"ae5e573b.38e928","type":"debug","z":"bdd68fa2.eb35a","name":"","active":true,"tosidebar":true,"console":false,"tostatus":false,"complete":"false","x":112.60000610351562,"y":106.79999923706055,"wires":[]},{"id":"58bbd05f.092fc","type":"debug","z":"bdd68fa2.eb35a","name":"","active":true,"tosidebar":true,"console":false,"tostatus":false,"complete":"false","x":522.6000595092773,"y":304.79999446868896,"wires":[]},{"id":"2316609b.1b099","type":"ui_group","z":"","name":"Input Parameters","tab":"46ba37d1.44fc98","disp":true,"width":"6","collapse":false},{"id":"46ba37d1.44fc98","type":"ui_tab","z":"","name":"Home","icon":"dashboard"}]